GlobalNicheï¿½ Waterproof 15" Laptop School Backpack Travel Nylon Rucksack Camping Bag Satchel,NA,5.0 out of 5 stars,1 rating,Usually dispatched in 3 to 5 weeks.,
Fur Jaden 30L Black Laptop Backpack Bag with USB Charging Port and Anti Theft Backside Pocket for Men and Women,NA,4.2 out of 5 stars,249 ratings,In stock.,
Half Moon 35 L Casual Waterproof Laptop Bag/Backpack for Men Women Boys Girls/Office School College Teens & Students with Rain Cover (18 Inch) (Navy),NA,3.9 out of 5 stars,9761 ratings,NA,


NA,NA,NA,NA,NA,
NA,NA,NA,NA,NA,
NA,NA,NA,NA,NA,
NA,NA,NA,NA,NA,
NA,NA,NA,NA,NA,
NA,NA,NA,NA,NA,
WALKENT Laptop Bags - Anti-Theft Expandable Waterproof External USB for Men Women from Arctic Hunter,NA,4.3 out of 5 stars,56 ratings,Only 4 left in stock.,
NA,NA,NA,NA,NA,
NA,NA,NA,NA,NA,
NA,NA,NA,NA,NA,
NA,NA,NA,NA,NA,
NA,NA,NA,NA,NA,
EUME Rider Stylish Durable 22 LTR Nylon Fabric Casual Water Resistant Laptop Backpack (Green),NA,3.6 out of 5 stars,60 ratings,Only 2 left in stock.,
NA,NA,NA,NA,NA,
NA,NA,NA,NA,NA,
NA,NA,NA,NA,NA,
NA,NA,NA,NA,NA,
NA,NA,NA,NA,NA,
Baggallini Boston Day Backpack – Lightweight Water-Resistant Travel Backpack with Adjustable Straps and RFID Protection Fits a 13” Laptop,NA,4.5 out of 5 stars,19 ratings,,
NA,NA,NA,NA,NA,
NA,NA,NA,NA,NA,
NA,NA,NA,NA,NA,
NA,NA,NA,NA,NA,
NA,NA,NA,NA,NA,
EUME Rider Stylish Durable 22 LTR Nylon Fabric Casual Water Resistant Laptop Backpack (Green),NA,3.6 out of 5 stars,60 ratings,Only 2 left in stock.,
NA,NA,NA,NA,NA,
NA,NA,NA,NA,NA,
NA,NA,NA,NA,NA,
NA,NA,NA,NA,NA,
NA,NA,NA,NA,NA,
NA,NA,NA,NA,NA,
NA,NA,NA,NA,NA,
Northzone Lightweight School Bags Backpacks for Boys Girls Stylish Men and Women Casual Travel Laptop Bag College Office (Navy Blue) 40L,NA,4.1 out of 5 stars,2839 ratings,In stock.,
NA,NA,NA,NA,NA,
Urban Tribe Accelerator 30L Laptop Backpack with 15.6" compartment for Office/Business/Travel/College Casual Bag for Men and Women Black,NA,4.1 out of 5 stars,349 ratings,In stock.,
NA,NA,NA,NA,NA,
NA,NA,NA,NA,NA,
NA,NA,NA,NA,NA,
NA,NA,NA,NA,NA,
NA,NA,NA,NA,NA,
NA,NA,NA,NA,NA,
NA,NA,NA,NA,NA,
NA,NA,NA,NA,NA,
NA,NA,NA,NA,NA,
NA,NA,NA,NA,NA,
NA,NA,NA,NA,NA,
NA,NA,NA,NA,NA,
NA,NA,NA,NA,NA,
NA,NA,NA,NA,NA,
NA,NA,NA,NA,NA,
NA,NA,NA,NA,NA,
NA,NA,NA,NA,NA,
NA,NA,NA,NA,NA,
NA,NA,NA,NA,NA,
NA,NA,NA,NA,NA,
NA,NA,NA,NA,NA,
NA,NA,NA,NA,NA,
NA,NA,NA,NA,NA,
NA,NA,NA,NA,NA,
Swiss Military Unisex Yellow and Black Laptop Backpack (LBP12),NA,2.7 out of 5 stars,9 ratings,Only 1 left in stock.,
NA,NA,NA,NA,NA,
NA,NA,NA,NA,NA,
NA,NA,NA,NA,NA,
NA,NA,NA,NA,NA,
NA,NA,NA,NA,NA,
NA,NA,NA,NA,NA,
American Tourister Casual Backpack,NA,4.1 out of 5 stars,39050 ratings,In stock.,
NA,NA,NA,NA,NA,
NA,NA,NA,NA,NA,
Fur Jaden 30L Black Laptop Backpack Bag with USB Charging Port and Anti Theft Backside Pocket for Men and Women,NA,4.2 out of 5 stars,249 ratings,In stock.,
NA,NA,NA,NA,NA,
NA,NA,NA,NA,NA,
NA,NA,NA,NA,NA,
NA,NA,NA,NA,NA,
NA,NA,NA,NA,NA,
NA,NA,4.1 out of 5 stars,NA,NA,
NA,NA,NA,NA,NA,
NA,NA,NA,NA,NA,
NA,NA,NA,NA,NA,
NA,NA,NA,NA,NA,
Swiss Military Unisex Yellow and Black Laptop Backpack (LBP12),NA,2.7 out of 5 stars,9 ratings,Only 1 left in stock.,
NA,NA,NA,NA,NA,
NA,NA,NA,NA,NA,
NA,NA,NA,NA,NA,
NA,NA,NA,NA,NA,
Urban Tribe Accelerator 30L Laptop Backpack with 15.6" compartment for Office/Business/Travel/College Casual Bag for Men and Women Black,NA,4.1 out of 5 stars,349 ratings,In stock.,
NA,NA,NA,NA,NA,
NA,NA,NA,NA,NA,
NA,NA,NA,NA,NA,
NA,NA,NA,NA,NA,
NA,NA,NA,NA,NA,
NA,NA,NA,NA,NA,
Baggallini Boston Day Backpack – Lightweight Water-Resistant Travel Backpack with Adjustable Straps and RFID Protection Fits a 13” Laptop,NA,4.5 out of 5 stars,19 ratings,,
NA,NA,NA,NA,NA,
NA,NA,NA,NA,NA,
SAFARI 15 Ltrs Sea Blue Casual/School/College Backpack (DAYPACKNEO15CBSEB),NA,4.0 out of 5 stars,13396 ratings,In stock.,
Kindle Wireless Reading Device Free 3G 6" Display White - 2nd Generation,NA,4.5 out of 5 stars,17686 ratings,NA,
Kindle Wireless Reading Device Free 3G 6" Display White - 2nd Generation,NA,4.5 out of 5 stars,17686 ratings,NA,
Kindle Wireless Reading Device Free 3G 6" Display White - 2nd Generation,NA,4.5 out of 5 stars,17686 ratings,NA,
Kindle Wireless Reading Device Free 3G 6" Display White - 2nd Generation,NA,4.5 out of 5 stars,17686 ratings,NA,
